,X,X,X,y,y,yp,yp
,0,1,2,0,1,0,1
ID,,,,,,,
0,1,2,3,6,20,5.999999999999993,20.0
1,4,5,6,15,47,14.999999999999998,47.0
2,7,8,9,24,74,24.000000000000004,74.00000000000003
3,4,5,8,17,55,17.0,55.00000000000001
4,8,9,4,21,59,20.999999999999996,59.0
