,X,X,X,yp,yp
,0,1,2,0,1
ID,,,,,
0,1,2,3,6.000000000000008,20.00000000000001
1,4,5,6,15.000000000000004,47.0
2,7,8,9,24.0,73.99999999999999
3,4,5,8,17.000000000000004,55.0
4,8,9,4,20.999999999999996,58.99999999999999
